nr,file_dir,file_name,sample_id_int,sample_id_ext,customer,incomplete_ok,provenance,collection_date
1,T:\Skripte\TypeLoader2\typeloader2\sample_files,HLA-A_01-01-01-01.fa,IDTest-HLA01b,SampleBlue,DKMS,,Germany,2023-01-02
2,T:\Skripte\TypeLoader2\typeloader2\sample_files,KIR2DL1_0020101.fa,IDTest-KIR01b,SampleRed,Test,,France,2023
3,T:\Skripte\TypeLoader2\typeloader2\sample_files,KIR2DL4_0010201.fa,IDTest-KIR01b,SampleRed,DKMS,,France,2023-02
4,T:\Skripte\TypeLoader2\typeloader2\sample_files,MICA_002_01.fa,IDTest-MIC01b,SampleYellow,DKMS,,missing: data agreement established pre-2023,missing: data agreement established pre-2023
